                  epoch,         train/box_loss,         train/cls_loss,         train/dfl_loss,   metrics/precision(B),      metrics/recall(B),       metrics/mAP50(B),    metrics/mAP50-95(B),           val/box_loss,           val/cls_loss,           val/dfl_loss,                 lr/pg0,                 lr/pg1,                 lr/pg2
                      1,                 1.3604,                  3.776,                 1.2083,                 0.4521,                0.20238,                0.13348,                0.08793,                 1.4363,                 6.9697,                 1.1642,             0.00020006,             0.00020006,             0.00020006
                      2,                 1.2861,                 3.0134,                 1.1742,                0.97418,                 0.2619,                0.45468,                0.25803,                 1.5862,                 3.6661,                 1.4094,             0.00041236,             0.00041236,             0.00041236
                      3,                 1.5083,                 2.7583,                 1.2241,                0.02875,                0.79762,                0.08838,                0.03536,                 2.0673,                 126.91,                 1.7821,             0.00062254,             0.00062254,             0.00062254
                      4,                 1.6943,                 2.7851,                 1.3386,                0.02875,                0.79762,                0.08838,                0.03536,                 4.9307,                  82293,                  68.05,             0.00083059,             0.00083059,             0.00083059
                      5,                 1.5812,                 2.7881,                 1.2123,                0.44444,                0.02381,                0.01301,                0.00572,                 4.0322,             8.5642e+06,                  12910,              0.0010365,              0.0010365,              0.0010365
                      6,                  1.924,                 3.0823,                 1.4722,                0.44444,                0.02381,                0.01301,                0.00572,                 6.5379,             9.7695e+07,                 9681.5,              0.0012403,              0.0012403,              0.0012403
                      7,                  2.173,                 2.9425,                 1.5798,                0.44444,                0.02381,                0.01301,                0.00572,                      0,                 9784.6,                      0,              0.0013866,              0.0013866,              0.0013866
                      8,                 2.0591,                 2.7558,                 1.6602,                0.44444,                0.02381,                0.01301,                0.00572,                      0,                      0,                      0,              0.0013866,              0.0013866,              0.0013866
                      9,                 2.1117,                 2.8958,                 1.5972,                0.44444,                0.02381,                0.01301,                0.00572,                 5.0805,              1.485e+05,                 3.8174,              0.0013795,              0.0013795,              0.0013795
                     10,                 1.8952,                 2.5054,                 1.5915,                 0.0003,                0.02381,                0.00017,                  2e-05,                  6.246,             2.3043e+06,                   9806,              0.0013724,              0.0013724,              0.0013724
                     11,                 1.7791,                 2.4011,                 1.4684,                0.00017,                0.04762,                0.00011,                  2e-05,                 4.2607,             5.7825e+05,                 1350.4,              0.0013653,              0.0013653,              0.0013653
                     12,                 1.8874,                 2.2074,                 1.5143,                0.00017,                0.04762,                0.00011,                  2e-05,                  3.613,                  18078,                 12.221,              0.0013583,              0.0013583,              0.0013583
                     13,                 1.8571,                 2.4405,                 1.5457,                0.67829,                0.47619,                0.33997,                0.24849,                 2.2755,                 46.966,                 2.1264,              0.0013512,              0.0013512,              0.0013512
                     14,                 1.5616,                 2.1386,                 1.4233,                0.33471,                0.07143,                 0.0008,                 0.0003,                 3.4335,                  618.3,                 5.8695,              0.0013441,              0.0013441,              0.0013441
                     15,                 1.6823,                 2.4629,                 1.3887,                0.04209,                0.38095,                0.04768,                0.02388,                 2.1976,                 774.73,                 4.0476,               0.001337,               0.001337,               0.001337
                     16,                 1.8372,                  2.235,                 1.5298,                0.66808,                0.36905,                0.37017,                0.26182,                 1.6521,                 2.8948,                 1.6336,                0.00133,                0.00133,                0.00133
                     17,                 1.6682,                 2.1408,                 1.4555,                0.35027,                0.41667,                0.01603,                0.01012,                 1.8018,                 28.283,                 1.6788,              0.0013229,              0.0013229,              0.0013229
                     18,                 1.6569,                  2.096,                 1.4326,                0.00574,                   0.25,                0.00514,                0.00146,                 2.3357,                 2605.4,                 1.9223,              0.0013158,              0.0013158,              0.0013158
                     19,                 1.6406,                 2.4492,                 1.4642,                0.00164,                0.17857,                0.00146,                0.00067,                 3.2338,                 1969.9,                 2.8178,              0.0013087,              0.0013087,              0.0013087
                     20,                 1.5987,                 2.0543,                 1.3663,                0.39198,                0.13095,                0.04888,                0.01925,                 2.8959,                 1027.6,                 4.2429,              0.0013017,              0.0013017,              0.0013017
                     21,                 1.5912,                 2.0528,                 1.3644,                0.76987,                0.07143,                0.07268,                0.02243,                 2.8301,                 3.9364,                 2.4114,              0.0012946,              0.0012946,              0.0012946
                     22,                 1.6128,                 1.9713,                 1.3617,                0.13889,                0.14989,                0.21121,                0.12262,                  2.239,                 2.8341,                 1.7229,              0.0012875,              0.0012875,              0.0012875
                     23,                 1.6768,                 2.1221,                 1.3753,                0.74244,                0.35115,                 0.4117,                 0.2032,                 1.8473,                 2.1175,                 1.4927,              0.0012805,              0.0012805,              0.0012805
                     24,                 1.4705,                 1.8184,                 1.3337,                0.82964,                0.47619,                0.46358,                 0.2933,                 1.8073,                 1.8356,                 1.5134,              0.0012734,              0.0012734,              0.0012734
                     25,                 1.5672,                 1.9369,                 1.3323,                0.95917,                0.32143,                0.45649,                0.28401,                 1.7875,                 2.0669,                 1.5445,              0.0012663,              0.0012663,              0.0012663
                     26,                  1.541,                 1.8852,                 1.2737,                0.84835,                0.36905,                0.47454,                0.24535,                 1.8736,                 1.8625,                 1.3642,              0.0012592,              0.0012592,              0.0012592
                     27,                 1.5555,                 1.8892,                 1.3252,                 0.8646,                0.44048,                0.49336,                0.25059,                 1.9508,                  1.896,                 1.4106,              0.0012522,              0.0012522,              0.0012522
                     28,                   1.48,                 1.7062,                 1.2587,                0.75017,                0.43917,                0.47813,                0.29906,                 1.5753,                 1.6217,                 1.2765,              0.0012451,              0.0012451,              0.0012451
                     29,                 1.4396,                 1.6346,                 1.2484,                0.77977,                0.41667,                0.49791,                0.31339,                  1.444,                 1.6113,                 1.2237,               0.001238,               0.001238,               0.001238
                     30,                 1.3279,                 1.6195,                 1.2635,                 0.3425,                   0.75,                0.53415,                0.29945,                  1.445,                 2.7073,                 1.2512,              0.0012309,              0.0012309,              0.0012309
                     31,                 1.4133,                 1.6558,                 1.2324,                0.23017,                0.35584,                0.18586,                0.07476,                 2.0786,                 6.6498,                 1.8236,              0.0012239,              0.0012239,              0.0012239
                     32,                 1.4471,                 1.6861,                 1.2903,                0.36421,                0.68813,                0.42162,                0.21723,                 1.8826,                 10.226,                 1.5313,              0.0012168,              0.0012168,              0.0012168
                     33,                 1.4534,                 1.7678,                  1.241,                0.16636,                0.69048,                0.22305,                0.12931,                 2.1269,                 32.447,                  1.665,              0.0012097,              0.0012097,              0.0012097
                     34,                 1.4745,                 1.6741,                 1.3031,                0.42119,                0.40476,                0.11116,                 0.0666,                  3.469,                 557.57,                 3.7471,              0.0012026,              0.0012026,              0.0012026
                     35,                 1.4134,                 1.5951,                 1.2205,                0.60536,                    0.5,                0.39837,                0.29692,                 1.5116,                 18.365,                 1.4677,              0.0011956,              0.0011956,              0.0011956
                     36,                 1.4362,                 1.5995,                 1.1993,                  0.673,                0.87592,                0.86952,                0.48632,                 1.3616,                 1.3673,                 1.2199,              0.0011885,              0.0011885,              0.0011885
                     37,                 1.5123,                 1.6637,                 1.2736,                0.71576,                0.87476,                0.87035,                0.44823,                 1.4923,                 1.3296,                 1.2813,              0.0011814,              0.0011814,              0.0011814
                     38,                 1.3795,                 1.4997,                 1.2133,                0.73807,                0.80624,                0.84431,                0.41152,                 1.5455,                  1.435,                 1.3921,              0.0011744,              0.0011744,              0.0011744
                     39,                 1.4771,                 1.5716,                 1.2051,                0.73732,                0.85951,                0.85278,                0.44865,                 1.6345,                 1.4348,                 1.4023,              0.0011673,              0.0011673,              0.0011673
                     40,                 1.4487,                  1.545,                  1.197,                0.85516,                0.53466,                0.88793,                 0.4994,                 1.5212,                 1.8035,                 1.2819,              0.0011602,              0.0011602,              0.0011602
                     41,                   1.36,                 1.4169,                 1.1705,                 0.8011,                  0.605,                0.59202,                0.41591,                 1.4236,                 2.3655,                 1.1752,              0.0011531,              0.0011531,              0.0011531
                     42,                 1.3012,                 1.5027,                 1.1593,                0.92697,                0.44048,                0.59993,                0.41597,                 1.4099,                 1.3896,                 1.2029,              0.0011461,              0.0011461,              0.0011461
                     43,                  1.311,                 1.4854,                 1.1659,                0.87168,                0.57872,                0.65954,                 0.4456,                 1.4991,                 1.2886,                 1.1834,               0.001139,               0.001139,               0.001139
                     44,                 1.1832,                 1.2891,                  1.121,                0.97294,                0.51079,                0.93152,                0.50262,                 1.4205,                 1.0942,                 1.0923,              0.0011319,              0.0011319,              0.0011319
                     45,                 1.2185,                 1.2545,                 1.1071,                0.79111,                0.58129,                0.75035,                0.46002,                 1.3291,                 1.4151,                 1.0746,              0.0011248,              0.0011248,              0.0011248
                     46,                 1.2561,                 1.3685,                  1.145,                0.86009,                0.54762,                0.66906,                0.40511,                 1.3661,                 1.4944,                 1.1231,              0.0011178,              0.0011178,              0.0011178
                     47,                 1.2895,                 1.2857,                 1.1287,                0.26974,                0.57149,                0.45628,                0.25196,                 1.5957,                 2.2028,                 1.2946,              0.0011107,              0.0011107,              0.0011107
                     48,                 1.2811,                 1.3427,                 1.1327,                0.51281,                0.70238,                0.52741,                0.29532,                  1.566,                 1.6826,                 1.1913,              0.0011036,              0.0011036,              0.0011036
                     49,                  1.255,                 1.2371,                 1.1396,                0.86299,                0.31829,                 0.3836,                0.23753,                 1.5469,                 1.9364,                 1.2423,              0.0010965,              0.0010965,              0.0010965
                     50,                 1.2376,                 1.3179,                 1.1719,                0.23727,                0.55952,                0.31687,                0.18346,                  2.175,                  5.929,                 1.7565,              0.0010895,              0.0010895,              0.0010895
                     51,                 1.1592,                 1.2844,                 1.0545,                0.28198,                0.78571,                0.76642,                0.36996,                 1.4882,                 1.5726,                  1.202,              0.0010824,              0.0010824,              0.0010824
                     52,                 1.2012,                 1.3203,                 1.1397,                0.53033,                0.95238,                0.89344,                0.47552,                 1.3564,                 1.2729,                 1.2414,              0.0010753,              0.0010753,              0.0010753
                     53,                  1.158,                 1.1989,                 1.0884,                0.92554,                0.56936,                 0.9401,                  0.604,                 1.2978,                 1.1839,                 1.2222,              0.0010682,              0.0010682,              0.0010682
                     54,                 1.1566,                 1.2435,                 1.0766,                0.52121,                0.95238,                0.94522,                0.60859,                 1.2873,                 1.1269,                 1.1865,              0.0010612,              0.0010612,              0.0010612
                     55,                 1.1165,                  1.088,                 1.0651,                0.90442,                0.80952,                0.88938,                0.64989,                 1.3249,                 1.1875,                 1.1212,              0.0010541,              0.0010541,              0.0010541
                     56,                  1.171,                 1.1802,                 1.0568,                0.91502,                0.75054,                0.85564,                0.65781,                 1.2836,                 1.4423,                 1.0725,               0.001047,               0.001047,               0.001047
                     57,                 1.1482,                 1.2007,                 1.0522,                0.71086,                0.85714,                0.85094,                0.59881,                 1.2942,                 1.3782,                 1.1334,                0.00104,                0.00104,                0.00104
                     58,                 1.2093,                 1.2985,                 1.1143,                0.65563,                0.79762,                0.83866,                 0.6122,                 1.2808,                 1.3698,                 1.1105,              0.0010329,              0.0010329,              0.0010329
                     59,                 1.1165,                    1.1,                 1.0632,                0.71837,                0.77381,                0.81718,                0.63788,                 1.2506,                 1.5006,                 1.0983,              0.0010258,              0.0010258,              0.0010258
                     60,                 1.0936,                 1.1275,                 1.0923,                0.69659,                0.72619,                 0.8073,                0.67771,                 1.1369,                 1.4581,                  1.101,              0.0010187,              0.0010187,              0.0010187
                     61,                 1.2057,                  1.232,                 1.0793,                0.92589,                0.44635,                0.65503,                0.49401,                  1.249,                 1.3667,                 1.1324,              0.0010117,              0.0010117,              0.0010117
                     62,                 1.2477,                 1.1805,                 1.1079,                0.94895,                0.42857,                0.61247,                0.46357,                 1.2546,                 1.3528,                 1.1232,              0.0010046,              0.0010046,              0.0010046
                     63,                 1.1314,                 1.0718,                 1.0723,                0.52295,                0.57143,                0.57744,                0.41534,                 1.2723,                 1.4693,                 1.1625,             0.00099751,             0.00099751,             0.00099751
                     64,                 1.1191,                 1.1661,                 1.0592,                0.51571,                 0.5119,                0.57218,                0.39677,                 1.3541,                 1.2669,                 1.2083,             0.00099044,             0.00099044,             0.00099044
                     65,                   1.11,                 1.0291,                 1.0631,                0.67036,                0.84524,                0.88156,                 0.6333,                 1.3006,                 1.2275,                 1.1978,             0.00098337,             0.00098337,             0.00098337
                     66,                 1.1375,                 1.1231,                 1.0472,                0.64909,                0.79762,                0.87683,                0.61215,                 1.1397,                 1.1772,                 1.1042,             0.00097629,             0.00097629,             0.00097629
                     67,                 1.0529,                 1.0279,                  1.044,                0.61454,                0.82143,                0.89035,                0.64268,                 1.1122,                   1.05,                 1.1012,             0.00096922,             0.00096922,             0.00096922
                     68,                 1.0458,                 1.0011,                 1.0686,                0.60289,                0.95164,                0.88042,                0.64711,                 1.1722,                0.98999,                 1.1452,             0.00096215,             0.00096215,             0.00096215
                     69,                 1.0464,                 1.0734,                 1.0253,                0.79521,                0.72424,                 0.8863,                0.59887,                 1.2248,                 1.2205,                 1.1555,             0.00095507,             0.00095507,             0.00095507
                     70,                 1.1266,                 1.1685,                 1.0389,                0.75516,                0.77668,                0.85672,                0.60476,                  1.247,                 1.3074,                 1.2015,               0.000948,               0.000948,               0.000948
                     71,                 1.0852,                 1.0239,                 1.0825,                0.50848,                0.85714,                0.80136,                0.52949,                  1.334,                 1.3632,                 1.3234,             0.00094093,             0.00094093,             0.00094093
                     72,                 1.0752,                  1.011,                 1.0029,                0.55952,                0.87166,                0.85115,                0.56578,                 1.2658,                 1.2475,                 1.3179,             0.00093385,             0.00093385,             0.00093385
                     73,                 1.1354,                 0.9755,                 1.0275,                0.87459,                0.73448,                0.84938,                0.57578,                  1.233,                 1.2662,                 1.1616,             0.00092678,             0.00092678,             0.00092678
                     74,                 1.0406,                0.93437,                 1.0131,                0.83547,                0.88326,                0.90586,                0.66586,                 1.2756,                 1.2046,                 1.1875,              0.0009197,              0.0009197,              0.0009197
                     75,                 1.1253,                0.96476,                 1.0264,                0.75654,                0.88095,                0.88827,                0.66553,                 1.1602,                 1.1464,                  1.161,             0.00091263,             0.00091263,             0.00091263
                     76,                 1.0755,                0.92395,                0.99372,                0.83077,                0.88679,                0.89347,                0.63107,                 1.2197,                 1.1472,                 1.2199,             0.00090556,             0.00090556,             0.00090556
                     77,                0.98455,                0.86145,                 1.0089,                0.83988,                   0.75,                0.84546,                0.56998,                 1.3494,                 1.2808,                 1.2316,             0.00089848,             0.00089848,             0.00089848
                     78,                 1.0708,                0.98938,                 1.0104,                 0.8159,                0.68436,                0.83357,                0.55243,                 1.3114,                 1.3034,                 1.2297,             0.00089141,             0.00089141,             0.00089141
                     79,                 1.0084,                0.90746,                 1.0432,                0.65316,                0.77838,                0.66674,                0.43896,                 1.4051,                 1.4751,                 1.2758,             0.00088434,             0.00088434,             0.00088434
                     80,                 1.0699,                 1.0587,                  1.054,                0.55058,                 0.8773,                0.69073,                0.46035,                 1.3087,                  1.353,                 1.2447,             0.00087726,             0.00087726,             0.00087726
                     81,                0.99785,                0.95098,                  1.021,                 0.5687,                0.86905,                0.71839,                0.49323,                 1.1858,                 1.1771,                 1.1839,             0.00087019,             0.00087019,             0.00087019
                     82,                 1.0618,                0.94675,                0.99728,                0.84587,                0.75734,                0.86252,                0.65164,                 1.1896,                 1.1854,                 1.1318,             0.00086312,             0.00086312,             0.00086312
                     83,                 1.0013,                0.95803,                 1.0068,                0.85465,                0.69311,                0.84143,                0.65252,                 1.2121,                  1.213,                 1.0594,             0.00085604,             0.00085604,             0.00085604
                     84,                   1.03,                0.93602,                 1.0362,                0.74587,                0.85291,                0.88165,                0.64681,                 1.2058,                 1.0655,                 1.1024,             0.00084897,             0.00084897,             0.00084897
                     85,                0.99541,                0.91036,                 1.0163,                0.80895,                0.96171,                0.92984,                0.65184,                  1.219,                  1.056,                 1.1509,              0.0008419,              0.0008419,              0.0008419
                     86,                 1.0262,                0.96126,                 1.0398,                0.80451,                0.96001,                 0.9281,                0.68531,                 1.2152,                 1.0585,                  1.187,             0.00083482,             0.00083482,             0.00083482
                     87,                 1.0888,                 1.0396,                 1.0063,                0.77391,                0.81198,                0.88799,                0.68265,                 1.2649,                 1.1326,                 1.2189,             0.00082775,             0.00082775,             0.00082775
                     88,                 1.0267,                0.95729,                  1.011,                0.65226,                0.83709,                0.84566,                0.64378,                 1.1875,                   1.22,                 1.0164,             0.00082067,             0.00082067,             0.00082067
                     89,                0.98599,                0.92712,                 1.0004,                0.74281,                0.74837,                0.84659,                0.56915,                 1.2618,                 1.2655,                 1.0636,              0.0008136,              0.0008136,              0.0008136
                     90,                0.95863,                0.95245,                  1.017,                0.59332,                0.92857,                0.71862,                0.52809,                 1.1872,                 1.0945,                 1.2064,             0.00080653,             0.00080653,             0.00080653
                     91,                0.94442,                0.85051,                0.96772,                0.85251,                0.88095,                0.87844,                 0.5848,                 1.1568,                 1.2624,                 1.2149,             0.00079945,             0.00079945,             0.00079945
                     92,                0.95241,                0.95912,                0.98267,                0.76668,                0.81142,                0.87213,                0.62193,                 1.1683,                 1.3599,                 1.1848,             0.00079238,             0.00079238,             0.00079238
                     93,                0.95806,                0.87914,                 1.0155,                0.77387,                0.68203,                0.87579,                0.64414,                 1.1411,                 1.2552,                 1.1268,             0.00078531,             0.00078531,             0.00078531
                     94,                0.97284,                0.85384,                0.96312,                0.64179,                0.87178,                  0.887,                0.64622,                 1.1474,                 1.0784,                 1.1487,             0.00077823,             0.00077823,             0.00077823
                     95,                0.96406,                0.85284,                0.99024,                0.87709,                0.79527,                0.89283,                0.60945,                 1.1857,                 1.0097,                 1.1701,             0.00077116,             0.00077116,             0.00077116
                     96,                 1.0269,                0.88986,                 1.0199,                0.91135,                0.77097,                0.87976,                 0.5479,                 1.2363,                 1.1061,                 1.1461,             0.00076409,             0.00076409,             0.00076409
                     97,                 1.0048,                0.84499,                 0.9768,                0.84474,                0.76185,                 0.8738,                0.54967,                 1.3143,                 1.1259,                 1.2168,             0.00075701,             0.00075701,             0.00075701
                     98,                0.96815,                0.83556,                0.98128,                0.86878,                0.81786,                0.88595,                0.55309,                 1.2481,                 1.1314,                 1.2203,             0.00074994,             0.00074994,             0.00074994
                     99,                0.94959,                0.78811,                0.99424,                0.71943,                0.89286,                0.86661,                0.57262,                 1.1986,                 1.1737,                 1.1733,             0.00074287,             0.00074287,             0.00074287
                    100,                 1.0194,                 0.9137,                0.99869,                0.62453,                0.89286,                0.87982,                0.59428,                 1.1762,                 1.2812,                  1.141,             0.00073579,             0.00073579,             0.00073579
                    101,                0.92536,                0.79268,                 1.0008,                0.78568,                0.94406,                0.88433,                0.55183,                  1.189,                 1.2968,                  1.144,             0.00072872,             0.00072872,             0.00072872
                    102,                0.96182,                0.77473,                0.93872,                0.81824,                0.92857,                 0.8898,                0.60995,                 1.1933,                 1.1879,                 1.1286,             0.00072164,             0.00072164,             0.00072164
                    103,                0.96204,                0.76356,                0.96262,                0.81544,                0.87905,                0.91212,                 0.6105,                 1.2052,                0.96493,                 1.1505,             0.00071457,             0.00071457,             0.00071457
                    104,                0.94612,                0.86483,                 1.0052,                0.67428,                0.84476,                0.89566,                0.61905,                 1.1041,                 1.0417,                 1.0394,              0.0007075,              0.0007075,              0.0007075
                    105,                0.94233,                0.86238,                0.96519,                0.78323,                 0.7756,                 0.8824,                0.61674,                 1.0439,                 1.0594,                 1.0408,             0.00070042,             0.00070042,             0.00070042
                    106,                0.90846,                0.75694,                0.95044,                0.78467,                0.88785,                0.88432,                0.65728,                 1.0918,                 1.0634,                 1.0756,             0.00069335,             0.00069335,             0.00069335
                    107,                0.90233,                0.80121,                 0.9582,                0.83881,                0.87665,                0.93363,                 0.7179,                 1.1705,                 1.0181,                 1.1087,             0.00068628,             0.00068628,             0.00068628
                    108,                0.91262,                0.87807,                 1.0204,                0.76469,                0.93796,                0.95424,                 0.7196,                 1.1368,                0.89544,                  1.189,              0.0006792,              0.0006792,              0.0006792
                    109,                0.88952,                0.71288,                0.94779,                 0.7876,                 0.9432,                0.96044,                0.69422,                 1.0659,                0.84918,                 1.1718,             0.00067213,             0.00067213,             0.00067213
                    110,                0.89063,                 0.7321,                0.95341,                0.91653,                 0.8175,                 0.9452,                0.68618,                 1.0454,                0.93862,                 1.0915,             0.00066506,             0.00066506,             0.00066506
                    111,                0.87266,                0.76539,                 1.0036,                0.80238,                0.80852,                0.87911,                0.68074,                 1.1516,                 1.2367,                  1.111,             0.00065798,             0.00065798,             0.00065798
                    112,                0.89245,                0.72243,                0.95663,                0.87429,                0.76803,                0.83838,                0.67705,                  1.278,                 1.5587,                 1.1607,             0.00065091,             0.00065091,             0.00065091
                    113,                0.88241,                0.75437,                0.95204,                0.89522,                0.75176,                0.84081,                0.65043,                 1.2489,                 1.4989,                 1.1475,             0.00064384,             0.00064384,             0.00064384
                    114,                0.90641,                0.73627,                0.97994,                0.87286,                0.80187,                 0.8524,                0.66597,                 1.2212,                  1.277,                 1.1376,             0.00063676,             0.00063676,             0.00063676
                    115,                0.90894,                0.72323,                0.97676,                0.80234,                0.95222,                 0.9057,                0.66806,                  1.106,                 1.1349,                  1.083,             0.00062969,             0.00062969,             0.00062969
                    116,                0.89567,                0.80844,                0.96283,                0.68721,                0.89286,                0.90277,                0.66164,                  1.151,                 1.0535,                 1.0639,             0.00062262,             0.00062262,             0.00062262
                    117,                 0.8327,                0.72371,                 0.9331,                0.71287,                0.90352,                0.90767,                0.63459,                 1.2004,                0.96007,                 1.0975,             0.00061554,             0.00061554,             0.00061554
                    118,                0.84547,                0.76799,                0.95411,                0.71927,                0.87846,                0.90775,                0.63933,                 1.1414,                0.93299,                 1.0842,             0.00060847,             0.00060847,             0.00060847
                    119,                0.90645,                0.70787,                0.95715,                0.74034,                0.82143,                0.91587,                0.66537,                 1.1086,                0.94513,                  1.106,             0.00060139,             0.00060139,             0.00060139
                    120,                0.85237,                0.71563,                0.95697,                0.64698,                0.86905,                0.91767,                0.65226,                 1.1795,                 1.0104,                 1.1202,             0.00059432,             0.00059432,             0.00059432
                    121,                0.90978,                0.78547,                 0.9286,                 0.6353,                 0.9358,                   0.76,                0.53868,                 1.1859,                 1.0209,                 1.1348,             0.00058725,             0.00058725,             0.00058725
                    122,                0.86923,                0.75524,                0.97138,                0.85595,                 0.8737,                0.92791,                 0.6616,                 1.1809,                0.94048,                 1.1745,             0.00058017,             0.00058017,             0.00058017
                    123,                0.87731,                0.76233,                 0.9772,                0.84665,                0.88504,                0.93167,                0.68346,                  1.136,                0.88495,                 1.1554,              0.0005731,              0.0005731,              0.0005731
                    124,                0.87737,                0.71156,                0.95022,                0.70057,                0.93571,                0.93285,                0.69101,                 1.0827,                0.93622,                 1.1209,             0.00056603,             0.00056603,             0.00056603
                    125,                0.87569,                0.75679,                0.97045,                0.76803,                0.86905,                0.89682,                0.64157,                    1.1,                  1.008,                 1.1087,             0.00055895,             0.00055895,             0.00055895
                    126,                0.80631,                0.71586,                0.93203,                0.82897,                0.82143,                0.86283,                0.63657,                 1.1157,                 1.0177,                 1.1071,             0.00055188,             0.00055188,             0.00055188
                    127,                0.85474,                0.70209,                0.96355,                0.92871,                0.75984,                0.90419,                0.64655,                 1.1883,                0.96066,                 1.1033,             0.00054481,             0.00054481,             0.00054481
                    128,                0.82121,                0.70749,                0.95839,                0.91767,                0.77295,                  0.902,                0.67317,                 1.1239,                0.97698,                 1.0624,             0.00053773,             0.00053773,             0.00053773
                    129,                0.88922,                0.78356,                0.96372,                0.84493,                0.82388,                0.90165,                0.70253,                 1.0854,                0.93519,                 1.0458,             0.00053066,             0.00053066,             0.00053066
                    130,                0.82435,                0.65203,                0.95956,                0.77931,                0.90369,                0.91351,                0.70679,                 1.1866,                0.91699,                 1.0838,             0.00052359,             0.00052359,             0.00052359
                    131,                0.83364,                0.64541,                0.93584,                0.77943,                0.96234,                0.93451,                 0.6823,                 1.2146,                0.95107,                 1.1278,             0.00051651,             0.00051651,             0.00051651
                    132,                0.86469,                0.66929,                0.91916,                0.88994,                0.77945,                0.90554,                0.64191,                 1.1815,                0.95767,                  1.105,             0.00050944,             0.00050944,             0.00050944
                    133,                0.84001,                0.68557,                0.96421,                0.92927,                 0.7644,                0.89702,                0.64727,                 1.1495,                0.93076,                 1.0828,             0.00050236,             0.00050236,             0.00050236
                    134,                0.87151,                0.72572,                0.93395,                0.93176,                 0.7706,                0.90487,                 0.6725,                 1.1019,                0.85884,                  1.071,             0.00049529,             0.00049529,             0.00049529
                    135,                 0.8923,                0.68882,                 0.9637,                 0.9323,                0.77381,                0.90166,                0.71173,                  1.056,                0.86142,                 1.0451,             0.00048822,             0.00048822,             0.00048822
                    136,                0.80219,                 0.6275,                0.93852,                0.91336,                   0.75,                0.88451,                0.64641,                 1.0521,                0.94741,                 1.0218,             0.00048114,             0.00048114,             0.00048114
                    137,                0.78838,                0.65322,                0.93264,                0.85756,                0.78901,                0.87458,                 0.6873,                 1.0611,                  1.046,                 1.0381,             0.00047407,             0.00047407,             0.00047407
                    138,                0.81111,                0.66034,                0.96183,                0.84693,                0.79762,                  0.861,                0.65287,                 1.1143,                 1.0354,                 1.0657,               0.000467,               0.000467,               0.000467
                    139,                0.82568,                0.61861,                0.92985,                0.88133,                0.77381,                0.86857,                0.65053,                 1.1432,                 1.0547,                 1.0683,             0.00045992,             0.00045992,             0.00045992
                    140,                0.80125,                 0.6481,                0.93529,                0.89951,                   0.75,                0.88555,                0.68876,                 1.1098,                 1.0119,                 1.0553,             0.00045285,             0.00045285,             0.00045285
                    141,                0.86127,                0.66622,                0.93414,                0.87064,                0.81615,                0.91864,                0.71089,                 1.0398,                0.99576,                 1.0768,             0.00044578,             0.00044578,             0.00044578
                    142,                0.82044,                 0.6836,                0.93394,                0.88085,                0.81469,                 0.9227,                0.71442,                 1.0188,                0.99182,                 1.0898,              0.0004387,              0.0004387,              0.0004387
                    143,                0.80448,                0.66032,                0.94443,                0.94551,                0.80157,                0.91751,                0.70506,                 1.0219,                 1.0052,                 1.1277,             0.00043163,             0.00043163,             0.00043163
                    144,                0.81356,                0.64949,                0.91946,                0.86404,                0.83255,                0.90946,                0.66286,                 1.0632,                 1.0593,                 1.1281,             0.00042456,             0.00042456,             0.00042456
                    145,                 0.7495,                0.65589,                0.91796,                0.84409,                0.86387,                0.91093,                0.67744,                  1.125,                 1.1172,                  1.148,             0.00041748,             0.00041748,             0.00041748
                    146,                 0.7877,                0.62406,                0.93567,                0.82788,                0.86594,                0.91206,                0.65848,                 1.1947,                 1.1014,                 1.1415,             0.00041041,             0.00041041,             0.00041041
                    147,                0.76279,                 0.6087,                0.92067,                 0.7951,                0.92068,                0.91599,                0.66249,                  1.155,                 1.0269,                 1.0735,             0.00040334,             0.00040334,             0.00040334
                    148,                 0.7631,                0.63121,                 0.9188,                0.66425,                0.97619,                0.93221,                0.68384,                 1.1517,                0.96703,                  1.076,             0.00039626,             0.00039626,             0.00039626
                    149,                0.75835,                 0.5882,                0.90242,                0.83537,                0.94555,                0.92472,                0.68077,                 1.1414,                0.91728,                 1.0681,             0.00038919,             0.00038919,             0.00038919
                    150,                0.76234,                0.61031,                0.93622,                0.83883,                0.87716,                0.91879,                0.71724,                 1.1125,                0.88517,                 1.0614,             0.00038211,             0.00038211,             0.00038211
                    151,                 0.8131,                0.64651,                0.95492,                0.86122,                0.83281,                 0.9296,                0.72971,                 1.0915,                0.92273,                 1.0858,             0.00037504,             0.00037504,             0.00037504
                    152,                 0.7288,                0.57791,                0.92198,                0.87286,                 0.7909,                0.92052,                 0.7217,                 1.1033,                0.96431,                 1.0953,             0.00036797,             0.00036797,             0.00036797
                    153,                0.78034,                0.62936,                0.93148,                0.88524,                0.78592,                0.92049,                0.68004,                 1.1328,                0.95714,                 1.0957,             0.00036089,             0.00036089,             0.00036089
                    154,                0.74427,                0.60213,                0.90711,                0.90642,                0.78123,                0.90089,                0.66353,                 1.1131,                0.99483,                 1.0529,             0.00035382,             0.00035382,             0.00035382
                    155,                0.71608,                0.56476,                0.90685,                0.87144,                0.82002,                0.89473,                0.68497,                 1.1305,                 1.0716,                 1.0487,             0.00034675,             0.00034675,             0.00034675
                    156,                0.80594,                0.57995,                0.92699,                0.89479,                0.77381,                0.88467,                  0.659,                 1.1038,                 1.0502,                   1.06,             0.00033967,             0.00033967,             0.00033967
                    157,                0.75334,                0.57049,                0.93338,                 0.8391,                0.77381,                 0.8666,                 0.6132,                 1.1351,                   1.04,                 1.0849,              0.0003326,              0.0003326,              0.0003326
                    158,                 0.7462,                0.56591,                0.91333,                0.82955,                0.76959,                0.82548,                0.58446,                 1.1458,                 1.0586,                 1.0821,             0.00032553,             0.00032553,             0.00032553
                    159,                0.75482,                0.65033,                0.90999,                0.86632,                 0.7636,                0.87032,                0.57048,                 1.1796,                 1.0672,                 1.0944,             0.00031845,             0.00031845,             0.00031845
                    160,                0.75667,                0.59558,                0.93173,                0.85692,                0.79077,                0.90164,                0.63638,                 1.1728,                 1.0907,                 1.1031,             0.00031138,             0.00031138,             0.00031138
                    161,                0.71786,                0.61169,                0.92114,                0.77086,                 0.9213,                0.90133,                0.63977,                 1.1936,                 1.0597,                 1.1039,             0.00030431,             0.00030431,             0.00030431
                    162,                0.72895,                0.55331,                0.91941,                0.80226,                0.91501,                0.92164,                0.64441,                  1.176,                 1.0271,                 1.1012,             0.00029723,             0.00029723,             0.00029723
                    163,                0.75648,                0.60825,                0.94357,                0.78182,                0.91862,                0.92772,                0.67838,                 1.1646,                  1.013,                 1.1079,             0.00029016,             0.00029016,             0.00029016
                    164,                0.77728,                0.58245,                0.89943,                0.79629,                0.89086,                0.93128,                0.72225,                 1.1297,                0.98444,                 1.0978,             0.00028308,             0.00028308,             0.00028308
                    165,                0.68537,                0.54682,                0.88062,                0.86266,                0.79085,                 0.9187,                0.72266,                 1.1244,                0.98686,                 1.0851,             0.00027601,             0.00027601,             0.00027601
                    166,                0.69551,                0.53855,                0.88555,                0.85918,                0.79522,                0.90547,                0.72359,                  1.116,                0.98944,                 1.0681,             0.00026894,             0.00026894,             0.00026894
                    167,                0.73158,                0.55743,                0.91876,                0.84328,                0.77381,                 0.8545,                0.63313,                 1.1378,                 1.0565,                 1.0675,             0.00026186,             0.00026186,             0.00026186
                    168,                  0.769,                0.54212,                0.91671,                0.86504,                0.76334,                0.84072,                0.62383,                 1.1429,                 1.0766,                 1.0583,             0.00025479,             0.00025479,             0.00025479
                    169,                0.77341,                0.56984,                0.91819,                0.89865,                0.76992,                0.86602,                0.64516,                 1.1398,                 1.0291,                 1.0385,             0.00024772,             0.00024772,             0.00024772
                    170,                0.74824,                0.57514,                0.91958,                0.89613,                0.78172,                0.86801,                0.61504,                 1.1214,                 1.0452,                 1.0321,             0.00024064,             0.00024064,             0.00024064
                    171,                 0.7456,                0.53599,                0.91636,                0.92833,                0.78704,                0.88798,                0.67353,                 1.1266,                 1.0647,                 1.0388,             0.00023357,             0.00023357,             0.00023357
                    172,                0.74065,                0.53725,                0.91579,                0.92121,                0.76809,                0.86633,                0.65436,                 1.1147,                 1.0419,                 1.0438,              0.0002265,              0.0002265,              0.0002265
                    173,                0.68189,                0.50434,                0.87181,                0.89466,                0.77618,                0.85893,                0.60846,                 1.1284,                0.98588,                 1.0509,             0.00021942,             0.00021942,             0.00021942
                    174,                 0.6999,                0.56162,                0.90751,                0.89755,                0.77676,                0.85914,                0.61138,                 1.1313,                0.96364,                 1.0511,             0.00021235,             0.00021235,             0.00021235
                    175,                0.70016,                0.56143,                0.89929,                0.90515,                0.77381,                0.88312,                0.63073,                 1.1213,                0.95792,                 1.0467,             0.00020528,             0.00020528,             0.00020528
                    176,                0.74006,                0.57446,                0.92559,                0.94483,                 0.7721,                0.88116,                0.64856,                 1.1002,                0.97471,                 1.0434,              0.0001982,              0.0001982,              0.0001982
                    177,                0.70365,                0.53211,                0.87475,                0.91766,                   0.75,                0.86156,                0.63451,                 1.0851,                0.97153,                 1.0366,             0.00019113,             0.00019113,             0.00019113
                    178,                 0.7372,                0.56011,                0.90382,                0.92114,                   0.75,                0.86723,                0.62337,                 1.0921,                 1.0115,                  1.044,             0.00018406,             0.00018406,             0.00018406
                    179,                0.68781,                0.53606,                0.90315,                0.88653,                 0.7811,                0.87096,                0.58243,                 1.0977,                 1.0179,                 1.0517,             0.00017698,             0.00017698,             0.00017698
                    180,                0.62384,                0.52037,                0.88976,                0.89627,                0.79762,                0.87514,                0.58725,                 1.1143,                 1.0287,                 1.0528,             0.00016991,             0.00016991,             0.00016991
                    181,                0.69853,                0.51839,                0.88221,                0.89634,                0.79762,                0.87145,                0.62054,                 1.1034,                 1.0499,                 1.0502,             0.00016283,             0.00016283,             0.00016283
                    182,                0.67134,                0.48805,                0.86935,                0.90907,                0.79762,                0.87488,                0.63428,                  1.102,                 1.0514,                 1.0552,             0.00015576,             0.00015576,             0.00015576
                    183,                0.65761,                 0.5093,                0.92229,                0.93991,                0.77146,                0.87938,                 0.6326,                 1.1013,                 1.0223,                 1.0578,             0.00014869,             0.00014869,             0.00014869
                    184,                0.67411,                0.51781,                0.86417,                0.88674,                0.79762,                0.87093,                0.62887,                 1.1119,                 1.0058,                 1.0633,             0.00014161,             0.00014161,             0.00014161
                    185,                 0.6487,                 0.5075,                0.88405,                0.87437,                0.79762,                 0.8703,                0.63089,                  1.093,                 0.9726,                  1.053,             0.00013454,             0.00013454,             0.00013454
                    186,                0.66947,                0.50934,                0.89544,                0.87072,                0.79762,                 0.8711,                0.60518,                 1.0717,                0.96345,                  1.047,             0.00012747,             0.00012747,             0.00012747
                    187,                0.68853,                0.50571,                0.89824,                0.88326,                0.79762,                0.87225,                0.60948,                 1.0596,                0.94415,                 1.0372,             0.00012039,             0.00012039,             0.00012039
                    188,                0.69398,                0.51498,                0.89297,                0.90921,                0.77512,                0.86866,                 0.6107,                 1.0645,                0.94043,                 1.0314,             0.00011332,             0.00011332,             0.00011332
                    189,                 0.6292,                0.48273,                0.88149,                0.88786,                0.79762,                0.89823,                0.63335,                 1.0702,                0.92869,                 1.0359,             0.00010625,             0.00010625,             0.00010625
                    190,                0.64679,                0.49742,                0.87609,                0.88208,                0.79762,                0.89663,                0.63402,                 1.0728,                 0.9285,                 1.0327,             9.9173e-05,             9.9173e-05,             9.9173e-05
                    191,                0.77501,                0.56835,                0.89527,                0.87056,                0.80617,                0.89557,                0.63066,                 1.0881,                0.92079,                  1.028,             9.2099e-05,             9.2099e-05,             9.2099e-05
                    192,                0.76863,                0.53743,                0.89981,                0.81974,                0.85466,                0.88768,                0.62749,                 1.0788,                0.93398,                 1.0153,             8.5026e-05,             8.5026e-05,             8.5026e-05
                    193,                0.76286,                0.56088,                0.91343,                0.82288,                0.84454,                0.87974,                0.62082,                 1.0731,                0.97184,                 1.0289,             7.7952e-05,             7.7952e-05,             7.7952e-05
                    194,                 0.7142,                0.50068,                0.86837,                0.84422,                0.79762,                0.88378,                0.59186,                 1.1065,                0.99184,                 1.0478,             7.0878e-05,             7.0878e-05,             7.0878e-05
                    195,                0.74883,                0.53808,                0.90355,                0.85232,                0.77627,                0.88815,                0.58625,                 1.1344,                 1.0122,                 1.0663,             6.3805e-05,             6.3805e-05,             6.3805e-05
                    196,                0.74608,                0.52235,                0.89916,                0.86919,                0.77356,                0.86303,                0.56679,                 1.1581,                 1.0297,                 1.0805,             5.6731e-05,             5.6731e-05,             5.6731e-05
                    197,                0.73766,                0.53324,                0.89971,                0.82465,                0.79762,                0.86344,                0.56441,                 1.1591,                 1.0396,                 1.0868,             4.9658e-05,             4.9658e-05,             4.9658e-05
                    198,                0.73567,                 0.4934,                0.87382,                0.81565,                0.79762,                0.86373,                0.59885,                 1.1666,                 1.0536,                  1.102,             4.2584e-05,             4.2584e-05,             4.2584e-05
                    199,                0.66377,                0.46122,                 0.8609,                0.82345,                0.79762,                0.86128,                0.56926,                 1.1618,                 1.0412,                 1.1021,             3.5511e-05,             3.5511e-05,             3.5511e-05
                    200,                 0.7304,                0.48793,                0.91024,                0.85708,                0.77551,                0.86198,                0.60217,                 1.1646,                 1.0376,                 1.1163,             2.8437e-05,             2.8437e-05,             2.8437e-05
